{"player": "Novak Djokovic", "stroke": "forehand", "n_strokes": 208, "metrics_band": {"seq_lead": {"q25": -0.16275, "median": 0.0335, "q75": 0.188, "lo": -0.16275, "hi": 0.188, "min": -139.0, "max": 92.0, "n": 208}, "xfactor_magnitude": {"q25": 10.212638027570001, "median": 15.297898703123924, "q75": 22.42806239904609, "lo": 10.212638027570001, "hi": 22.42806239904609, "min": 1.2709496021416715, "max": 57.940693107949755, "n": 208}, "contact_forward": {"q25": 0.24575, "median": 0.449, "q75": 0.65, "lo": 0.24575, "hi": 0.65, "min": 0.017, "max": 1.172, "n": 208}, "contact_height": {"q25": 0.442, "median": 0.714, "q75": 0.9622499999999999, "lo": 0.442, "hi": 0.9622499999999999, "min": -0.2, "max": 1.888, "n": 208}}, "reference": {"stroke": "Novak_Djokovic_Forehand_Slow_Motion__stroke_027", "hand": "R", "contact_frame": 142, "contact_local": 55, "contact_pose_img": [[0.52947, 0.12795], [0.52547, 0.11338], [0.52448, 0.11363], [0.52411, 0.11369], [0.52273, 0.11306], [0.52121, 0.11316], [0.51979, 0.11294], [0.51545, 0.12162], [0.50835, 0.11957], [0.52634, 0.14291], [0.52478, 0.14208], [0.50407, 0.20966], [0.49578, 0.20349], [0.52092, 0.32391], [0.53926, 0.31812], [0.56427, 0.33568], [0.59725, 0.32143], [0.57665, 0.32669], [0.60764, 0.33028], [0.57977, 0.3241], [0.60435, 0.31151], [0.57499, 0.32613], [0.59971, 0.31284], [0.53627, 0.46347], [0.52013, 0.46484], [0.6001, 0.61334], [0.50261, 0.6569], [0.61224, 0.80115], [0.44801, 0.83687], [0.60384, 0.83476], [0.43447, 0.85373], [0.65788, 0.85282], [0.46496, 0.91215]], "contact_pose_world": [[0.06868, -0.61, -0.01932], [0.0479, -0.64849, -0.01056], [0.04757, -0.64839, -0.01216], [0.04797, -0.64879, -0.00994], [0.04301, -0.64347, -0.0456], [0.04508, -0.64475, -0.04568], [0.04485, -0.6437, -0.04186], [-0.05526, -0.65599, 0.05855], [-0.06657, -0.63313, -0.10472], [0.027, -0.58981, 0.00261], [0.02434, -0.58246, -0.03823], [-0.07409, -0.48871, 0.15668], [-0.09371, -0.47241, -0.20257], [0.00176, -0.3025, 0.23776], [0.05622, -0.28931, -0.23988], [0.14778, -0.26154, 0.23702], [0.22667, -0.27103, -0.15615], [0.17964, -0.291, 0.24623], [0.25506, -0.27343, -0.17903], [0.19074, -0.31675, 0.21119], [0.25887, -0.29792, -0.16652], [0.15596, -0.2719, 0.21955], [0.23508, -0.2785, -0.14825], [0.04126, -0.00315, 0.09572], [-0.04206, 0.00267, -0.09531], [0.27533, 0.25409, 0.0976], [-0.09221, 0.3477, -0.15602], [0.29273, 0.67681, 0.12993], [-0.25993, 0.67877, -0.09009], [0.30221, 0.72756, 0.12493], [-0.27691, 0.71503, -0.08909], [0.42917, 0.75525, 0.06115], [-0.25328, 0.78622, -0.17006]], "ideal_curve": {"t": [-2.2, -2.16, -2.12, -2.08, -2.04, -2.0, -1.96, -1.92, -1.88, -1.84, -1.8, -1.76, -1.72, -1.68, -1.64, -1.6, -1.56, -1.52, -1.48, -1.44, -1.4, -1.36, -1.32, -1.28, -1.24, -1.2, -1.16, -1.12, -1.08, -1.04, -1.0, -0.96, -0.92, -0.88, -0.84, -0.8, -0.76, -0.72, -0.68, -0.64, -0.6, -0.56, -0.52, -0.48, -0.44, -0.4, -0.36, -0.32, -0.28, -0.24, -0.2, -0.16, -0.12, -0.08, -0.04, 0.0, 0.04, 0.08, 0.12, 0.16, 0.2, 0.24, 0.28, 0.32, 0.36, 0.4, 0.44, 0.48, 0.52, 0.56, 0.6, 0.64, 0.68, 0.72, 0.76, 0.8, 0.84, 0.88, 0.92], "loading_s": 1.56, "xfactor": [-15.38, -14.42, -13.54, -12.35, -11.86, -11.31, -11.03, -10.44, -10.4, -11.04, -11.61, -11.32, -11.01, -9.98, -8.89, -8.02, -7.52, -7.05, -7.15, -7.15, -7.22, -7.29, -6.89, -6.44, -6.04, -5.63, -4.73, -4.5, -4.32, -3.78, -3.25, -2.95, -2.72, -2.32, -1.65, -1.53, -1.62, -0.89, 2.11, 5.63, 8.76, 12.48, 15.86, 17.23, 17.47, 18.35, 18.27, 18.13, 17.39, 16.95, 17.13, 17.75, 18.38, 19.26, 19.86, 19.97, 20.0, 19.88, 19.67, 19.3, 19.04, 18.72, 17.98, 17.06, 16.19, 15.61, 15.0, 16.82, 18.21, 19.28, 19.88, 20.35, 18.61, 17.42, 17.07, 16.87, 16.08, 15.08, 14.0], "hip": [0.205, 0.224, 0.211, 0.189, 0.167, 0.135, 0.094, 0.077, 0.068, 0.063, 0.071, 0.095, 0.105, 0.108, 0.107, 0.096, 0.08, 0.064, 0.049, 0.036, 0.028, 0.027, 0.03, 0.032, 0.034, 0.033, 0.033, 0.036, 0.039, 0.039, 0.035, 0.04, 0.053, 0.065, 0.084, 0.152, 0.25, 0.366, 0.522, 0.699, 0.836, 0.942, 1.0, 0.972, 0.891, 0.754, 0.56, 0.376, 0.25, 0.152, 0.106, 0.104, 0.109, 0.112, 0.115, 0.118, 0.124, 0.122, 0.104, 0.084, 0.061, 0.037, 0.026, 0.031, 0.065, 0.129, 0.198, 0.272, 0.343, 0.377, 0.381, 0.391, 0.379, 0.345, 0.279, 0.253, 0.262, 0.302, 0.349], "shoulder": [0.291, 0.3, 0.261, 0.224, 0.197, 0.157, 0.114, 0.104, 0.091, 0.071, 0.054, 0.053, 0.039, 0.025, 0.019, 0.022, 0.023, 0.02, 0.024, 0.022, 0.023, 0.02, 0.019, 0.024, 0.032, 0.027, 0.026, 0.027, 0.019, 0.012, 0.018, 0.035, 0.057, 0.071, 0.095, 0.183, 0.318, 0.47, 0.662, 0.867, 0.979, 1.0, 0.979, 0.889, 0.746, 0.581, 0.407, 0.256, 0.163, 0.108, 0.102, 0.131, 0.146, 0.14, 0.128, 0.108, 0.089, 0.072, 0.051, 0.039, 0.039, 0.048, 0.056, 0.06, 0.097, 0.168, 0.226, 0.292, 0.362, 0.359, 0.291, 0.252, 0.218, 0.17, 0.141, 0.18, 0.24, 0.313, 0.378], "upper_arm": [0.936, 0.917, 0.876, 0.914, 1.0, 0.733, 0.793, 0.652, 0.564, 0.604, 0.594, 0.615, 0.644, 0.751, 0.622, 0.614, 0.443, 0.516, 0.49, 0.57, 0.591, 0.6, 0.432, 0.4, 0.367, 0.506, 0.547, 0.597, 0.709, 0.844, 0.793, 0.805, 0.738, 0.548, 0.416, 0.418, 0.348, 0.486, 0.585, 0.581, 0.583, 0.544, 0.453, 0.439, 0.423, 0.374, 0.43, 0.41, 0.466, 0.655, 0.708, 0.665, 0.623, 0.538, 0.398, 0.356, 0.394, 0.435, 0.508, 0.47, 0.539, 0.631, 0.616, 0.606, 0.68, 0.584, 0.482, 0.51, 0.388, 0.276, 0.252, 0.25, 0.247, 0.378, 0.488, 0.484, 0.551, 0.569, 0.535], "forearm": [0.886, 0.785, 0.799, 0.919, 1.0, 0.866, 0.932, 0.789, 0.625, 0.622, 0.472, 0.538, 0.526, 0.583, 0.482, 0.51, 0.436, 0.559, 0.494, 0.611, 0.648, 0.608, 0.462, 0.452, 0.417, 0.468, 0.363, 0.408, 0.47, 0.423, 0.35, 0.435, 0.319, 0.304, 0.292, 0.401, 0.371, 0.426, 0.382, 0.346, 0.319, 0.399, 0.484, 0.547, 0.628, 0.59, 0.505, 0.448, 0.431, 0.572, 0.641, 0.699, 0.721, 0.737, 0.54, 0.489, 0.439, 0.358, 0.388, 0.432, 0.32, 0.293, 0.323, 0.225, 0.153, 0.169, 0.222, 0.245, 0.236, 0.277, 0.315, 0.288, 0.22, 0.222, 0.223, 0.191, 0.172, 0.232, 0.241], "wrist": [0.968, 0.87, 0.823, 0.937, 1.0, 0.821, 0.901, 0.773, 0.651, 0.71, 0.654, 0.746, 0.716, 0.743, 0.612, 0.582, 0.43, 0.561, 0.529, 0.632, 0.66, 0.648, 0.481, 0.469, 0.424, 0.546, 0.496, 0.557, 0.641, 0.692, 0.632, 0.64, 0.537, 0.441, 0.358, 0.408, 0.4, 0.584, 0.643, 0.629, 0.633, 0.686, 0.622, 0.67, 0.75, 0.675, 0.636, 0.574, 0.538, 0.648, 0.715, 0.725, 0.732, 0.706, 0.537, 0.476, 0.439, 0.386, 0.447, 0.458, 0.442, 0.508, 0.543, 0.475, 0.459, 0.421, 0.41, 0.428, 0.383, 0.359, 0.365, 0.324, 0.291, 0.318, 0.369, 0.353, 0.384, 0.404, 0.454]}, "peak_times": {"hip": -0.507, "shoulder": -0.538, "upper_arm": -0.23, "forearm": -0.206, "wrist": -0.308}, "metrics": {"seq_lead": 0.176, "xfactor_magnitude": 19.9693, "contact_forward": 0.626, "contact_height": 0.476}}}