{"player": "Novak Djokovic", "stroke": "forehand", "n_strokes": 87, "metrics_band": {"hip_to_forearm_lag": {"q25": 0.0, "median": 0.08341675008341598, "q75": 0.6336670003336675, "lo": 0.0, "hi": 0.6336670003336675, "min": 0.0, "max": 1.0, "n": 87}, "xfactor_magnitude": {"q25": 11.456348388657318, "median": 16.006715877350597, "q75": 23.603212183277144, "lo": 11.456348388657318, "hi": 23.603212183277144, "min": 1.4422008267306916, "max": 391.3121001949381, "n": 87}, "xfactor_release": {"q25": -7.263411789703225, "median": 2.2030700242335595, "q75": 8.865026975316106, "lo": -7.263411789703225, "hi": 8.865026975316106, "min": -344.6179836148041, "max": 385.3398006534642, "n": 87}}, "reference": {"stroke": "stroke_027", "hand": "R", "contact_frame": 84, "contact_local": 25, "contact_pose_img": [[0.52561, 0.24298], [0.53039, 0.22766], [0.53245, 0.22779], [0.53427, 0.22629], [0.52079, 0.22372], [0.51568, 0.21872], [0.5093, 0.21768], [0.53561, 0.23193], [0.50635, 0.22273], [0.52794, 0.25906], [0.51711, 0.25521], [0.55046, 0.28699], [0.47448, 0.29361], [0.50465, 0.31535], [0.43915, 0.30669], [0.45109, 0.2765], [0.41128, 0.27312], [0.43856, 0.27162], [0.40118, 0.26089], [0.43935, 0.25967], [0.40447, 0.26037], [0.44182, 0.2679], [0.40974, 0.26706], [0.55179, 0.53182], [0.50002, 0.53226], [0.60315, 0.69541], [0.48646, 0.68794], [0.63347, 0.84523], [0.46368, 0.86876], [0.62852, 0.87238], [0.46101, 0.89558], [0.67025, 0.88935], [0.46378, 0.91899]], "ideal_curve": {"t": [-1.0, -0.96, -0.92, -0.88, -0.84, -0.8, -0.76, -0.72, -0.68, -0.64, -0.6, -0.56, -0.52, -0.48, -0.44, -0.4, -0.36, -0.32, -0.28, -0.24, -0.2, -0.16, -0.12, -0.08, -0.04, 0.0, 0.04, 0.08, 0.12, 0.16, 0.2, 0.24, 0.28, 0.32, 0.36, 0.4, 0.44, 0.48, 0.52, 0.56, 0.6, 0.64, 0.68, 0.72], "xfactor": [-19.31, -21.75, -23.58, -24.75, -25.5, -25.49, -24.95, -24.48, -24.28, -24.31, -24.53, -24.69, -24.4, -23.67, -22.76, -21.72, -20.57, -19.5, -18.49, -17.59, -17.06, -16.95, -17.19, -17.77, -18.35, -18.33, -17.82, -17.0, -15.88, -14.55, -13.51, -12.7, -12.02, -11.4, -11.01, -10.84, -10.9, -10.96, -11.07, -10.99, -10.56, -9.84, -9.08, -8.29], "hip": [0.735, 0.82, 0.756, 0.616, 0.515, 0.366, 0.217, 0.147, 0.211, 0.248, 0.275, 0.295, 0.289, 0.26, 0.232, 0.236, 0.276, 0.322, 0.327, 0.299, 0.266, 0.234, 0.189, 0.147, 0.203, 0.348, 0.519, 0.704, 0.912, 1.0, 0.94, 0.844, 0.746, 0.6, 0.418, 0.341, 0.302, 0.28, 0.317, 0.423, 0.467, 0.483, 0.477, 0.428], "shoulder": [1.0, 0.985, 0.769, 0.621, 0.526, 0.361, 0.223, 0.244, 0.273, 0.226, 0.166, 0.222, 0.247, 0.222, 0.198, 0.225, 0.213, 0.171, 0.143, 0.17, 0.21, 0.219, 0.227, 0.227, 0.288, 0.404, 0.516, 0.613, 0.754, 0.779, 0.677, 0.582, 0.511, 0.407, 0.297, 0.269, 0.236, 0.183, 0.14, 0.139, 0.1, 0.064, 0.05, 0.057], "upper_arm": [0.221, 0.205, 0.22, 0.168, 0.231, 0.254, 0.275, 0.293, 0.373, 0.535, 0.645, 0.642, 0.658, 0.644, 0.561, 0.455, 0.556, 0.532, 0.5, 0.384, 0.457, 0.565, 0.621, 0.79, 0.882, 1.0, 0.807, 0.7, 0.697, 0.683, 0.652, 0.68, 0.745, 0.546, 0.591, 0.486, 0.42, 0.45, 0.443, 0.458, 0.479, 0.559, 0.464, 0.457], "forearm": [0.205, 0.21, 0.228, 0.228, 0.204, 0.223, 0.265, 0.292, 0.416, 0.62, 0.745, 0.696, 0.657, 0.58, 0.378, 0.293, 0.352, 0.371, 0.359, 0.43, 0.438, 0.554, 0.523, 0.689, 0.752, 0.89, 0.797, 0.8, 0.886, 0.785, 0.799, 0.919, 1.0, 0.866, 0.932, 0.789, 0.625, 0.622, 0.472, 0.538, 0.526, 0.583, 0.482, 0.51], "wrist": [0.226, 0.223, 0.231, 0.189, 0.211, 0.211, 0.212, 0.227, 0.267, 0.41, 0.493, 0.46, 0.503, 0.488, 0.389, 0.314, 0.383, 0.379, 0.424, 0.43, 0.482, 0.575, 0.545, 0.707, 0.798, 1.0, 0.906, 0.894, 0.926, 0.832, 0.787, 0.897, 0.956, 0.785, 0.861, 0.74, 0.622, 0.679, 0.626, 0.714, 0.685, 0.71, 0.585, 0.557]}, "metrics": {"hip_to_forearm_lag": 0.0, "xfactor_magnitude": 25.5034, "xfactor_release": -18.3267}}}