{"player": "Novak Djokovic", "stroke": "forehand", "n_strokes": 208, "metrics_band": {"seq_lead": {"q25": -0.16275, "median": 0.0335, "q75": 0.188, "lo": -0.16275, "hi": 0.188, "min": -139.0, "max": 92.0, "n": 208}, "xfactor_magnitude": {"q25": 15.009860146769949, "median": 19.111176234409122, "q75": 27.828238952695784, "lo": 15.009860146769949, "hi": 27.828238952695784, "min": 4.737486118196902, "max": 54.627933381222114, "n": 72}, "contact_forward": {"q25": 0.16875, "median": 0.3205, "q75": 0.485, "lo": 0.16875, "hi": 0.485, "min": 0.017, "max": 1.172, "n": 72}, "contact_height": {"q25": 0.27175000000000005, "median": 0.5165, "q75": 0.8245, "lo": 0.27175000000000005, "hi": 0.8245, "min": -0.2, "max": 1.888, "n": 72}}, "reference": {"stroke": "Novak_Djokovic_Forehand_Slow_Motion__stroke_027", "hand": "R", "contact_frame": 141, "contact_local": 53, "contact_pose_img": [[0.52968, 0.12602], [0.52566, 0.113], [0.52389, 0.11355], [0.52321, 0.11356], [0.52297, 0.11212], [0.52129, 0.11197], [0.51988, 0.11159], [0.51445, 0.12168], [0.50775, 0.11943], [0.52582, 0.1421], [0.52448, 0.14054], [0.50482, 0.20938], [0.49373, 0.20306], [0.52254, 0.31565], [0.53898, 0.31984], [0.56477, 0.30414], [0.58453, 0.33663], [0.57724, 0.29891], [0.59596, 0.34514], [0.57982, 0.29326], [0.59578, 0.33056], [0.57503, 0.29572], [0.59001, 0.32937], [0.53685, 0.45995], [0.51825, 0.46122], [0.60012, 0.61284], [0.50177, 0.65281], [0.61577, 0.8005], [0.44802, 0.83528], [0.6066, 0.83458], [0.43346, 0.85369], [0.66213, 0.85238], [0.46258, 0.91001]], "contact_pose_world": [[0.07157, -0.60986, -0.01299], [0.05194, -0.64793, -0.00494], [0.05161, -0.64781, -0.00645], [0.052, -0.64823, -0.00428], [0.04833, -0.64341, -0.04318], [0.05041, -0.64472, -0.04322], [0.05016, -0.64366, -0.03935], [-0.0555, -0.65383, 0.06125], [-0.06145, -0.63314, -0.09695], [0.02706, -0.58925, 0.00802], [0.02604, -0.58242, -0.03657], [-0.07147, -0.48488, 0.1614], [-0.09791, -0.47115, -0.19245], [0.00876, -0.31243, 0.22171], [0.06254, -0.27719, -0.22374], [0.15153, -0.30452, 0.18232], [0.2127, -0.2471, -0.13502], [0.18045, -0.31064, 0.18637], [0.23579, -0.24704, -0.15313], [0.18843, -0.33091, 0.15931], [0.23536, -0.26666, -0.14298], [0.15771, -0.31292, 0.16634], [0.21779, -0.25197, -0.12664], [0.04286, -0.00314, 0.09587], [-0.04372, 0.00266, -0.09545], [0.27897, 0.25771, 0.09809], [-0.08966, 0.34762, -0.1574], [0.30862, 0.67665, 0.12337], [-0.26903, 0.67967, -0.09891], [0.31952, 0.72671, 0.11735], [-0.28789, 0.71602, -0.10011], [0.44663, 0.75491, 0.04937], [-0.26743, 0.78893, -0.19353]], "ideal_curve": {"t": [-2.12, -2.08, -2.04, -2.0, -1.96, -1.92, -1.88, -1.84, -1.8, -1.76, -1.72, -1.68, -1.64, -1.6, -1.56, -1.52, -1.48, -1.44, -1.4, -1.36, -1.32, -1.28, -1.24, -1.2, -1.16, -1.12, -1.08, -1.04, -1.0, -0.96, -0.92, -0.88, -0.84, -0.8, -0.76, -0.72, -0.68, -0.64, -0.6, -0.56, -0.52, -0.48, -0.44, -0.4, -0.36, -0.32, -0.28, -0.24, -0.2, -0.16, -0.12, -0.08, -0.04, 0.0, 0.04, 0.08, 0.12, 0.16, 0.2, 0.24, 0.28, 0.32, 0.36, 0.4, 0.44, 0.48, 0.52, 0.56, 0.6, 0.64, 0.68, 0.72, 0.76, 0.8, 0.84, 0.88, 0.92], "loading_s": 1.52, "xfactor": [-14.42, -13.54, -12.35, -11.86, -11.31, -11.03, -10.44, -10.4, -11.04, -11.61, -11.32, -11.01, -9.98, -8.89, -8.02, -7.52, -7.05, -7.15, -7.15, -7.22, -7.29, -6.89, -6.44, -6.04, -5.63, -4.73, -4.5, -4.32, -3.78, -3.25, -2.95, -2.72, -2.32, -1.65, -1.53, -1.62, -0.89, 2.11, 5.63, 8.76, 12.48, 15.86, 17.23, 17.47, 18.35, 18.27, 18.13, 17.39, 16.95, 17.13, 17.75, 18.38, 19.26, 19.86, 19.97, 20.0, 19.88, 19.67, 19.3, 19.04, 18.72, 17.98, 17.06, 16.19, 15.61, 15.0, 16.82, 18.21, 19.28, 19.88, 20.35, 18.61, 17.42, 17.07, 16.87, 16.08, 15.08], "hip": [0.224, 0.211, 0.189, 0.167, 0.135, 0.094, 0.077, 0.068, 0.063, 0.071, 0.095, 0.105, 0.108, 0.107, 0.096, 0.08, 0.064, 0.049, 0.036, 0.028, 0.027, 0.03, 0.032, 0.034, 0.033, 0.033, 0.036, 0.039, 0.039, 0.035, 0.04, 0.053, 0.065, 0.084, 0.152, 0.25, 0.366, 0.522, 0.699, 0.836, 0.942, 1.0, 0.972, 0.891, 0.754, 0.56, 0.376, 0.25, 0.152, 0.106, 0.104, 0.109, 0.112, 0.115, 0.118, 0.124, 0.122, 0.104, 0.084, 0.061, 0.037, 0.026, 0.031, 0.065, 0.129, 0.198, 0.272, 0.343, 0.377, 0.381, 0.391, 0.379, 0.345, 0.279, 0.253, 0.262, 0.302], "shoulder": [0.3, 0.261, 0.224, 0.197, 0.157, 0.114, 0.104, 0.091, 0.071, 0.054, 0.053, 0.039, 0.025, 0.019, 0.022, 0.023, 0.02, 0.024, 0.022, 0.023, 0.02, 0.019, 0.024, 0.032, 0.027, 0.026, 0.027, 0.019, 0.012, 0.018, 0.035, 0.057, 0.071, 0.095, 0.183, 0.318, 0.47, 0.662, 0.867, 0.979, 1.0, 0.979, 0.889, 0.746, 0.581, 0.407, 0.256, 0.163, 0.108, 0.102, 0.131, 0.146, 0.14, 0.128, 0.108, 0.089, 0.072, 0.051, 0.039, 0.039, 0.048, 0.056, 0.06, 0.097, 0.168, 0.226, 0.292, 0.362, 0.359, 0.291, 0.252, 0.218, 0.17, 0.141, 0.18, 0.24, 0.313], "upper_arm": [0.917, 0.876, 0.914, 1.0, 0.733, 0.793, 0.652, 0.564, 0.604, 0.594, 0.615, 0.644, 0.751, 0.622, 0.614, 0.443, 0.516, 0.49, 0.57, 0.591, 0.6, 0.432, 0.4, 0.367, 0.506, 0.547, 0.597, 0.709, 0.844, 0.793, 0.805, 0.738, 0.548, 0.416, 0.418, 0.348, 0.486, 0.585, 0.581, 0.583, 0.544, 0.453, 0.439, 0.423, 0.374, 0.43, 0.41, 0.466, 0.655, 0.708, 0.665, 0.623, 0.538, 0.398, 0.356, 0.394, 0.435, 0.508, 0.47, 0.539, 0.631, 0.616, 0.606, 0.68, 0.584, 0.482, 0.51, 0.388, 0.276, 0.252, 0.25, 0.247, 0.378, 0.488, 0.484, 0.551, 0.569], "forearm": [0.785, 0.799, 0.919, 1.0, 0.866, 0.932, 0.789, 0.625, 0.622, 0.472, 0.538, 0.526, 0.583, 0.482, 0.51, 0.436, 0.559, 0.494, 0.611, 0.648, 0.608, 0.462, 0.452, 0.417, 0.468, 0.363, 0.408, 0.47, 0.423, 0.35, 0.435, 0.319, 0.304, 0.292, 0.401, 0.371, 0.426, 0.382, 0.346, 0.319, 0.399, 0.484, 0.547, 0.628, 0.59, 0.505, 0.448, 0.431, 0.572, 0.641, 0.699, 0.721, 0.737, 0.54, 0.489, 0.439, 0.358, 0.388, 0.432, 0.32, 0.293, 0.323, 0.225, 0.153, 0.169, 0.222, 0.245, 0.236, 0.277, 0.315, 0.288, 0.22, 0.222, 0.223, 0.191, 0.172, 0.232], "wrist": [0.87, 0.823, 0.937, 1.0, 0.821, 0.901, 0.773, 0.651, 0.71, 0.654, 0.746, 0.716, 0.743, 0.612, 0.582, 0.43, 0.561, 0.529, 0.632, 0.66, 0.648, 0.481, 0.469, 0.424, 0.546, 0.496, 0.557, 0.641, 0.692, 0.632, 0.64, 0.537, 0.441, 0.358, 0.408, 0.4, 0.584, 0.643, 0.629, 0.633, 0.686, 0.622, 0.67, 0.75, 0.675, 0.636, 0.574, 0.538, 0.648, 0.715, 0.725, 0.732, 0.706, 0.537, 0.476, 0.439, 0.386, 0.447, 0.458, 0.442, 0.508, 0.543, 0.475, 0.459, 0.421, 0.41, 0.428, 0.383, 0.359, 0.365, 0.324, 0.291, 0.318, 0.369, 0.353, 0.384, 0.404]}, "peak_times": {"hip": -0.472, "shoulder": -0.511, "upper_arm": -0.231, "forearm": -0.168, "wrist": -0.287}, "metrics": {"seq_lead": 0.173, "xfactor_magnitude": 19.8604, "contact_forward": 0.584, "contact_height": 0.43}}}