{"player": "Novak Djokovic", "stroke": "forehand", "n_strokes": 154, "metrics_band": {"seq_lead": {"q25": -0.1565, "median": 0.035500000000000004, "q75": 0.15275, "lo": -0.1565, "hi": 0.15275, "min": -10.05, "max": 92.0, "n": 154}, "xfactor_magnitude": {"q25": 10.84888910880871, "median": 16.60345489734424, "q75": 22.434070595491328, "lo": 10.84888910880871, "hi": 22.434070595491328, "min": 3.1668174228091948, "max": 57.940693107949755, "n": 154}}, "reference": {"stroke": "Novak_Djokovic_Forehand_Slow_Motion__stroke_027", "hand": "R", "contact_frame": 137, "contact_local": 48, "contact_pose_img": [[0.52171, 0.12644], [0.5173, 0.11365], [0.5176, 0.11387], [0.51773, 0.11367], [0.51434, 0.11271], [0.51196, 0.11323], [0.51012, 0.11281], [0.51038, 0.12466], [0.5008, 0.12219], [0.52085, 0.14268], [0.51656, 0.14196], [0.50945, 0.21744], [0.48958, 0.20716], [0.51363, 0.32573], [0.49949, 0.30837], [0.55641, 0.38883], [0.55819, 0.39007], [0.56821, 0.41654], [0.57024, 0.40753], [0.57008, 0.40573], [0.57565, 0.39993], [0.56763, 0.39846], [0.57317, 0.39286], [0.5393, 0.46178], [0.51597, 0.4637], [0.60065, 0.61794], [0.49458, 0.65133], [0.62555, 0.80139], [0.44812, 0.83837], [0.61672, 0.83322], [0.4346, 0.85606], [0.6688, 0.8513], [0.45829, 0.90668]], "contact_pose_world": [[0.03131, -0.63687, -0.07732], [0.00933, -0.67217, -0.06669], [0.00895, -0.67205, -0.06832], [0.00937, -0.67242, -0.06616], [-0.00251, -0.6677, -0.09993], [-0.00054, -0.66906, -0.10009], [-0.00085, -0.668, -0.09616], [-0.06983, -0.66231, 0.0154], [-0.10783, -0.64165, -0.12593], [0.00266, -0.61047, -0.05095], [-0.00823, -0.60337, -0.08946], [-0.0612, -0.48563, 0.13111], [-0.13066, -0.48007, -0.19469], [-0.03695, -0.29793, 0.21452], [-0.0669, -0.28738, -0.27675], [0.11142, -0.17063, 0.18106], [0.12393, -0.1408, -0.32606], [0.1424, -0.12614, 0.17486], [0.15418, -0.09784, -0.37122], [0.15135, -0.1316, 0.13682], [0.18831, -0.11017, -0.35307], [0.11825, -0.16382, 0.16079], [0.14636, -0.13537, -0.31736], [0.04988, -0.00246, 0.09452], [-0.05084, 0.00193, -0.09414], [0.25403, 0.29506, 0.06971], [-0.11225, 0.34464, -0.15452], [0.31995, 0.68876, 0.08339], [-0.27946, 0.69502, -0.10405], [0.33641, 0.73782, 0.07635], [-0.29571, 0.73467, -0.10522], [0.45485, 0.76065, -0.0009], [-0.27098, 0.79437, -0.19872]], "ideal_curve": {"t": [-1.92, -1.88, -1.84, -1.8, -1.76, -1.72, -1.68, -1.64, -1.6, -1.56, -1.52, -1.48, -1.44, -1.4, -1.36, -1.32, -1.28, -1.24, -1.2, -1.16, -1.12, -1.08, -1.04, -1.0, -0.96, -0.92, -0.88, -0.84, -0.8, -0.76, -0.72, -0.68, -0.64, -0.6, -0.56, -0.52, -0.48, -0.44, -0.4, -0.36, -0.32, -0.28, -0.24, -0.2, -0.16, -0.12, -0.08, -0.04, 0.0, 0.04, 0.08, 0.12, 0.16, 0.2, 0.24, 0.28, 0.32, 0.36, 0.4, 0.44, 0.48, 0.52, 0.56, 0.6, 0.64, 0.68, 0.72, 0.76, 0.8], "loading_s": 1.36, "xfactor": [-13.54, -12.35, -11.86, -11.31, -11.03, -10.44, -10.4, -11.04, -11.61, -11.32, -11.01, -9.98, -8.89, -8.02, -7.52, -7.05, -7.15, -7.15, -7.22, -7.29, -6.89, -6.44, -6.04, -5.63, -4.73, -4.5, -4.32, -3.78, -3.25, -2.95, -2.72, -2.32, -1.65, -1.53, -1.62, -0.89, 2.11, 5.63, 8.76, 12.48, 15.86, 17.23, 17.47, 18.35, 18.27, 18.13, 17.39, 16.95, 17.13, 17.75, 18.38, 19.26, 19.86, 19.97, 20.0, 19.88, 19.67, 19.3, 19.04, 18.72, 17.98, 17.06, 16.19, 15.61, 15.0, 16.82, 18.21, 19.28, 19.88], "hip": [0.211, 0.189, 0.167, 0.135, 0.094, 0.077, 0.068, 0.063, 0.071, 0.095, 0.105, 0.108, 0.107, 0.096, 0.08, 0.064, 0.049, 0.036, 0.028, 0.027, 0.03, 0.032, 0.034, 0.033, 0.033, 0.036, 0.039, 0.039, 0.035, 0.04, 0.053, 0.065, 0.084, 0.152, 0.25, 0.366, 0.522, 0.699, 0.836, 0.942, 1.0, 0.972, 0.891, 0.754, 0.56, 0.376, 0.25, 0.152, 0.106, 0.104, 0.109, 0.112, 0.115, 0.118, 0.124, 0.122, 0.104, 0.084, 0.061, 0.037, 0.026, 0.031, 0.065, 0.129, 0.198, 0.272, 0.343, 0.377, 0.381], "shoulder": [0.261, 0.224, 0.197, 0.157, 0.114, 0.104, 0.091, 0.071, 0.054, 0.053, 0.039, 0.025, 0.019, 0.022, 0.023, 0.02, 0.024, 0.022, 0.023, 0.02, 0.019, 0.024, 0.032, 0.027, 0.026, 0.027, 0.019, 0.012, 0.018, 0.035, 0.057, 0.071, 0.095, 0.183, 0.318, 0.47, 0.662, 0.867, 0.979, 1.0, 0.979, 0.889, 0.746, 0.581, 0.407, 0.256, 0.163, 0.108, 0.102, 0.131, 0.146, 0.14, 0.128, 0.108, 0.089, 0.072, 0.051, 0.039, 0.039, 0.048, 0.056, 0.06, 0.097, 0.168, 0.226, 0.292, 0.362, 0.359, 0.291], "upper_arm": [0.876, 0.914, 1.0, 0.733, 0.793, 0.652, 0.564, 0.604, 0.594, 0.615, 0.644, 0.751, 0.622, 0.614, 0.443, 0.516, 0.49, 0.57, 0.591, 0.6, 0.432, 0.4, 0.367, 0.506, 0.547, 0.597, 0.709, 0.844, 0.793, 0.805, 0.738, 0.548, 0.416, 0.418, 0.348, 0.486, 0.585, 0.581, 0.583, 0.544, 0.453, 0.439, 0.423, 0.374, 0.43, 0.41, 0.466, 0.655, 0.708, 0.665, 0.623, 0.538, 0.398, 0.356, 0.394, 0.435, 0.508, 0.47, 0.539, 0.631, 0.616, 0.606, 0.68, 0.584, 0.482, 0.51, 0.388, 0.276, 0.252], "forearm": [0.799, 0.919, 1.0, 0.866, 0.932, 0.789, 0.625, 0.622, 0.472, 0.538, 0.526, 0.583, 0.482, 0.51, 0.436, 0.559, 0.494, 0.611, 0.648, 0.608, 0.462, 0.452, 0.417, 0.468, 0.363, 0.408, 0.47, 0.423, 0.35, 0.435, 0.319, 0.304, 0.292, 0.401, 0.371, 0.426, 0.382, 0.346, 0.319, 0.399, 0.484, 0.547, 0.628, 0.59, 0.505, 0.448, 0.431, 0.572, 0.641, 0.699, 0.721, 0.737, 0.54, 0.489, 0.439, 0.358, 0.388, 0.432, 0.32, 0.293, 0.323, 0.225, 0.153, 0.169, 0.222, 0.245, 0.236, 0.277, 0.315], "wrist": [0.823, 0.937, 1.0, 0.821, 0.901, 0.773, 0.651, 0.71, 0.654, 0.746, 0.716, 0.743, 0.612, 0.582, 0.43, 0.561, 0.529, 0.632, 0.66, 0.648, 0.481, 0.469, 0.424, 0.546, 0.496, 0.557, 0.641, 0.692, 0.632, 0.64, 0.537, 0.441, 0.358, 0.408, 0.4, 0.584, 0.643, 0.629, 0.633, 0.686, 0.622, 0.67, 0.75, 0.675, 0.636, 0.574, 0.538, 0.648, 0.715, 0.725, 0.732, 0.706, 0.537, 0.476, 0.439, 0.386, 0.447, 0.458, 0.442, 0.508, 0.543, 0.475, 0.459, 0.421, 0.41, 0.428, 0.383, 0.359, 0.365]}, "peak_times": {"hip": -0.313, "shoulder": -0.354, "upper_arm": -0.136, "forearm": -0.018, "wrist": -0.162}, "metrics": {"seq_lead": 0.168, "xfactor_magnitude": 18.3479}}}