{"player": "Novak Djokovic", "stroke": "forehand", "n_strokes": 208, "metrics_band": {"seq_lead": {"q25": -0.16275, "median": 0.0335, "q75": 0.188, "lo": -0.16275, "hi": 0.188, "min": -139.0, "max": 92.0, "n": 208}, "xfactor_magnitude": {"q25": 10.212638027570001, "median": 15.297898703123924, "q75": 22.42806239904609, "lo": 10.212638027570001, "hi": 22.42806239904609, "min": 1.2709496021416715, "max": 57.940693107949755, "n": 208}, "contact_forward": {"q25": 0.24575, "median": 0.449, "q75": 0.65, "lo": 0.24575, "hi": 0.65, "min": 0.017, "max": 1.172, "n": 208}, "contact_height": {"q25": 0.442, "median": 0.714, "q75": 0.9622499999999999, "lo": 0.442, "hi": 0.9622499999999999, "min": -0.2, "max": 1.888, "n": 208}}, "reference": {"stroke": "Novak_Djokovic_Forehand_Slow_Motion__stroke_027", "hand": "R", "contact_frame": 140, "contact_local": 52, "contact_pose_img": [[0.52705, 0.12729], [0.52322, 0.11393], [0.52286, 0.11424], [0.52211, 0.11417], [0.52166, 0.1126], [0.51922, 0.11248], [0.51769, 0.1122], [0.51333, 0.12364], [0.50765, 0.12125], [0.52408, 0.14253], [0.52222, 0.141], [0.50531, 0.21262], [0.49111, 0.20565], [0.52141, 0.32184], [0.53782, 0.31891], [0.56541, 0.33583], [0.581, 0.36259], [0.5778, 0.33598], [0.59462, 0.36982], [0.58082, 0.3332], [0.59607, 0.35643], [0.57566, 0.33391], [0.59423, 0.35315], [0.53783, 0.45851], [0.51784, 0.46113], [0.6001, 0.61381], [0.49916, 0.65091], [0.6205, 0.80021], [0.44818, 0.83507], [0.61353, 0.83431], [0.433, 0.85468], [0.66699, 0.85199], [0.46111, 0.91059]], "contact_pose_world": [[0.06346, -0.60842, -0.00934], [0.04233, -0.64661, -0.00235], [0.04195, -0.64648, -0.0039], [0.04231, -0.64691, -0.00173], [0.03883, -0.64217, -0.03981], [0.04082, -0.6435, -0.0399], [0.04056, -0.64244, -0.03605], [-0.06447, -0.65252, 0.06078], [-0.07011, -0.63207, -0.09513], [0.01979, -0.5883, 0.01105], [0.01912, -0.58164, -0.03279], [-0.07388, -0.48177, 0.15903], [-0.10356, -0.47155, -0.18574], [-0.00463, -0.2881, 0.20878], [0.04452, -0.2761, -0.21402], [0.15846, -0.23164, 0.14412], [0.20974, -0.19564, -0.11552], [0.19223, -0.22832, 0.14256], [0.23683, -0.18086, -0.13602], [0.20151, -0.24093, 0.1103], [0.2446, -0.19914, -0.12392], [0.1665, -0.23447, 0.12484], [0.21958, -0.19738, -0.10696], [0.0429, -0.0032, 0.09549], [-0.04379, 0.00272, -0.09507], [0.27878, 0.27159, 0.08199], [-0.09651, 0.3475, -0.15945], [0.3188, 0.67576, 0.10709], [-0.2834, 0.68726, -0.10207], [0.33385, 0.72381, 0.10155], [-0.30329, 0.72426, -0.1032], [0.45148, 0.75174, 0.0321], [-0.29554, 0.79364, -0.19451]], "ideal_curve": {"t": [-2.08, -2.04, -2.0, -1.96, -1.92, -1.88, -1.84, -1.8, -1.76, -1.72, -1.68, -1.64, -1.6, -1.56, -1.52, -1.48, -1.44, -1.4, -1.36, -1.32, -1.28, -1.24, -1.2, -1.16, -1.12, -1.08, -1.04, -1.0, -0.96, -0.92, -0.88, -0.84, -0.8, -0.76, -0.72, -0.68, -0.64, -0.6, -0.56, -0.52, -0.48, -0.44, -0.4, -0.36, -0.32, -0.28, -0.24, -0.2, -0.16, -0.12, -0.08, -0.04, 0.0, 0.04, 0.08, 0.12, 0.16, 0.2, 0.24, 0.28, 0.32, 0.36, 0.4, 0.44, 0.48, 0.52, 0.56, 0.6, 0.64, 0.68, 0.72, 0.76, 0.8, 0.84, 0.88], "loading_s": 1.48, "xfactor": [-14.42, -13.54, -12.35, -11.86, -11.31, -11.03, -10.44, -10.4, -11.04, -11.61, -11.32, -11.01, -9.98, -8.89, -8.02, -7.52, -7.05, -7.15, -7.15, -7.22, -7.29, -6.89, -6.44, -6.04, -5.63, -4.73, -4.5, -4.32, -3.78, -3.25, -2.95, -2.72, -2.32, -1.65, -1.53, -1.62, -0.89, 2.11, 5.63, 8.76, 12.48, 15.86, 17.23, 17.47, 18.35, 18.27, 18.13, 17.39, 16.95, 17.13, 17.75, 18.38, 19.26, 19.86, 19.97, 20.0, 19.88, 19.67, 19.3, 19.04, 18.72, 17.98, 17.06, 16.19, 15.61, 15.0, 16.82, 18.21, 19.28, 19.88, 20.35, 18.61, 17.42, 17.07, 16.87], "hip": [0.224, 0.211, 0.189, 0.167, 0.135, 0.094, 0.077, 0.068, 0.063, 0.071, 0.095, 0.105, 0.108, 0.107, 0.096, 0.08, 0.064, 0.049, 0.036, 0.028, 0.027, 0.03, 0.032, 0.034, 0.033, 0.033, 0.036, 0.039, 0.039, 0.035, 0.04, 0.053, 0.065, 0.084, 0.152, 0.25, 0.366, 0.522, 0.699, 0.836, 0.942, 1.0, 0.972, 0.891, 0.754, 0.56, 0.376, 0.25, 0.152, 0.106, 0.104, 0.109, 0.112, 0.115, 0.118, 0.124, 0.122, 0.104, 0.084, 0.061, 0.037, 0.026, 0.031, 0.065, 0.129, 0.198, 0.272, 0.343, 0.377, 0.381, 0.391, 0.379, 0.345, 0.279, 0.253], "shoulder": [0.3, 0.261, 0.224, 0.197, 0.157, 0.114, 0.104, 0.091, 0.071, 0.054, 0.053, 0.039, 0.025, 0.019, 0.022, 0.023, 0.02, 0.024, 0.022, 0.023, 0.02, 0.019, 0.024, 0.032, 0.027, 0.026, 0.027, 0.019, 0.012, 0.018, 0.035, 0.057, 0.071, 0.095, 0.183, 0.318, 0.47, 0.662, 0.867, 0.979, 1.0, 0.979, 0.889, 0.746, 0.581, 0.407, 0.256, 0.163, 0.108, 0.102, 0.131, 0.146, 0.14, 0.128, 0.108, 0.089, 0.072, 0.051, 0.039, 0.039, 0.048, 0.056, 0.06, 0.097, 0.168, 0.226, 0.292, 0.362, 0.359, 0.291, 0.252, 0.218, 0.17, 0.141, 0.18], "upper_arm": [0.917, 0.876, 0.914, 1.0, 0.733, 0.793, 0.652, 0.564, 0.604, 0.594, 0.615, 0.644, 0.751, 0.622, 0.614, 0.443, 0.516, 0.49, 0.57, 0.591, 0.6, 0.432, 0.4, 0.367, 0.506, 0.547, 0.597, 0.709, 0.844, 0.793, 0.805, 0.738, 0.548, 0.416, 0.418, 0.348, 0.486, 0.585, 0.581, 0.583, 0.544, 0.453, 0.439, 0.423, 0.374, 0.43, 0.41, 0.466, 0.655, 0.708, 0.665, 0.623, 0.538, 0.398, 0.356, 0.394, 0.435, 0.508, 0.47, 0.539, 0.631, 0.616, 0.606, 0.68, 0.584, 0.482, 0.51, 0.388, 0.276, 0.252, 0.25, 0.247, 0.378, 0.488, 0.484], "forearm": [0.785, 0.799, 0.919, 1.0, 0.866, 0.932, 0.789, 0.625, 0.622, 0.472, 0.538, 0.526, 0.583, 0.482, 0.51, 0.436, 0.559, 0.494, 0.611, 0.648, 0.608, 0.462, 0.452, 0.417, 0.468, 0.363, 0.408, 0.47, 0.423, 0.35, 0.435, 0.319, 0.304, 0.292, 0.401, 0.371, 0.426, 0.382, 0.346, 0.319, 0.399, 0.484, 0.547, 0.628, 0.59, 0.505, 0.448, 0.431, 0.572, 0.641, 0.699, 0.721, 0.737, 0.54, 0.489, 0.439, 0.358, 0.388, 0.432, 0.32, 0.293, 0.323, 0.225, 0.153, 0.169, 0.222, 0.245, 0.236, 0.277, 0.315, 0.288, 0.22, 0.222, 0.223, 0.191], "wrist": [0.87, 0.823, 0.937, 1.0, 0.821, 0.901, 0.773, 0.651, 0.71, 0.654, 0.746, 0.716, 0.743, 0.612, 0.582, 0.43, 0.561, 0.529, 0.632, 0.66, 0.648, 0.481, 0.469, 0.424, 0.546, 0.496, 0.557, 0.641, 0.692, 0.632, 0.64, 0.537, 0.441, 0.358, 0.408, 0.4, 0.584, 0.643, 0.629, 0.633, 0.686, 0.622, 0.67, 0.75, 0.675, 0.636, 0.574, 0.538, 0.648, 0.715, 0.725, 0.732, 0.706, 0.537, 0.476, 0.439, 0.386, 0.447, 0.458, 0.442, 0.508, 0.543, 0.475, 0.459, 0.421, 0.41, 0.428, 0.383, 0.359, 0.365, 0.324, 0.291, 0.318, 0.369, 0.353]}, "peak_times": {"hip": -0.433, "shoulder": -0.474, "upper_arm": -0.238, "forearm": -0.128, "wrist": -0.266}, "metrics": {"seq_lead": 0.164, "xfactor_magnitude": 19.2562, "contact_forward": 0.55, "contact_height": 0.323}}}