{"player": "Novak Djokovic", "stroke": "forehand", "n_strokes": 154, "metrics_band": {"hip_to_forearm_lag": {"q25": 0.0, "median": 0.20000000000000018, "q75": 0.7298965632298982, "lo": 0.0, "hi": 0.7298965632298982, "min": 0.0, "max": 1.0, "n": 154}, "xfactor_magnitude": {"q25": 10.26719871105764, "median": 16.42072899573386, "q75": 21.071151713025948, "lo": 10.26719871105764, "hi": 21.071151713025948, "min": 3.5016409628833682, "max": 65.52300715290848, "n": 154}, "xfactor_release": {"q25": -6.6995329694397014, "median": 1.411593435079412, "q75": 9.713773400018436, "lo": -6.6995329694397014, "hi": 9.713773400018436, "min": -36.4845691979313, "max": 57.940693107949755, "n": 154}}, "reference": {"stroke": "Novak_Djokovic_Forehand_Slow_Motion__stroke_027", "hand": "R", "contact_frame": 137, "contact_local": 25, "contact_pose_img": [[0.52171, 0.12644], [0.5173, 0.11365], [0.5176, 0.11387], [0.51773, 0.11367], [0.51434, 0.11271], [0.51196, 0.11323], [0.51012, 0.11281], [0.51038, 0.12466], [0.5008, 0.12219], [0.52085, 0.14268], [0.51656, 0.14196], [0.50945, 0.21744], [0.48958, 0.20716], [0.51363, 0.32573], [0.49949, 0.30837], [0.55641, 0.38883], [0.55819, 0.39007], [0.56821, 0.41654], [0.57024, 0.40753], [0.57008, 0.40573], [0.57565, 0.39993], [0.56763, 0.39846], [0.57317, 0.39286], [0.5393, 0.46178], [0.51597, 0.4637], [0.60065, 0.61794], [0.49458, 0.65133], [0.62555, 0.80139], [0.44812, 0.83837], [0.61672, 0.83322], [0.4346, 0.85606], [0.6688, 0.8513], [0.45829, 0.90668]], "ideal_curve": {"t": [-1.0, -0.96, -0.92, -0.88, -0.84, -0.8, -0.76, -0.72, -0.68, -0.64, -0.6, -0.56, -0.52, -0.48, -0.44, -0.4, -0.36, -0.32, -0.28, -0.24, -0.2, -0.16, -0.12, -0.08, -0.04, 0.0, 0.04, 0.08, 0.12, 0.16, 0.2, 0.24, 0.28, 0.32, 0.36, 0.4, 0.44, 0.48, 0.52, 0.56, 0.6, 0.64, 0.68, 0.72], "xfactor": [-5.63, -4.73, -4.5, -4.32, -3.78, -3.25, -2.95, -2.72, -2.32, -1.65, -1.53, -1.62, -0.89, 2.11, 5.63, 8.76, 12.48, 15.86, 17.23, 17.47, 18.35, 18.27, 18.13, 17.39, 16.95, 17.13, 17.75, 18.38, 19.26, 19.86, 19.97, 20.0, 19.88, 19.67, 19.3, 19.04, 18.72, 17.98, 17.06, 16.19, 15.61, 15.0, 16.82, 18.21], "hip": [0.033, 0.033, 0.036, 0.039, 0.039, 0.035, 0.04, 0.053, 0.065, 0.084, 0.152, 0.25, 0.366, 0.522, 0.699, 0.836, 0.942, 1.0, 0.972, 0.891, 0.754, 0.56, 0.376, 0.25, 0.152, 0.106, 0.104, 0.109, 0.112, 0.115, 0.118, 0.124, 0.122, 0.104, 0.084, 0.061, 0.037, 0.026, 0.031, 0.065, 0.129, 0.198, 0.272, 0.343], "shoulder": [0.027, 0.026, 0.027, 0.019, 0.012, 0.018, 0.035, 0.057, 0.071, 0.095, 0.183, 0.318, 0.47, 0.662, 0.867, 0.979, 1.0, 0.979, 0.889, 0.746, 0.581, 0.407, 0.256, 0.163, 0.108, 0.102, 0.131, 0.146, 0.14, 0.128, 0.108, 0.089, 0.072, 0.051, 0.039, 0.039, 0.048, 0.056, 0.06, 0.097, 0.168, 0.226, 0.292, 0.362], "upper_arm": [0.6, 0.648, 0.708, 0.84, 1.0, 0.94, 0.954, 0.875, 0.65, 0.493, 0.496, 0.413, 0.577, 0.694, 0.689, 0.691, 0.645, 0.537, 0.52, 0.501, 0.444, 0.51, 0.486, 0.552, 0.776, 0.84, 0.789, 0.738, 0.638, 0.471, 0.422, 0.467, 0.516, 0.602, 0.557, 0.639, 0.748, 0.731, 0.718, 0.806, 0.693, 0.571, 0.605, 0.46], "forearm": [0.636, 0.493, 0.554, 0.638, 0.574, 0.475, 0.59, 0.433, 0.413, 0.396, 0.544, 0.503, 0.579, 0.519, 0.47, 0.433, 0.541, 0.657, 0.743, 0.852, 0.8, 0.686, 0.608, 0.585, 0.777, 0.869, 0.949, 0.979, 1.0, 0.732, 0.663, 0.596, 0.486, 0.527, 0.586, 0.435, 0.398, 0.439, 0.305, 0.208, 0.229, 0.302, 0.332, 0.32], "wrist": [0.727, 0.661, 0.742, 0.854, 0.923, 0.842, 0.853, 0.715, 0.587, 0.477, 0.544, 0.533, 0.779, 0.857, 0.838, 0.844, 0.914, 0.828, 0.893, 1.0, 0.9, 0.848, 0.765, 0.717, 0.863, 0.953, 0.966, 0.975, 0.941, 0.715, 0.634, 0.585, 0.514, 0.595, 0.61, 0.589, 0.677, 0.724, 0.633, 0.611, 0.561, 0.546, 0.57, 0.51]}, "metrics": {"hip_to_forearm_lag": 1.0, "xfactor_magnitude": 18.3479, "xfactor_release": 17.1265}}}