{"player": "Novak Djokovic", "stroke": "forehand", "n_strokes": 154, "metrics_band": {"hip_to_forearm_lag": {"q25": 0.0, "median": 0.20000000000000018, "q75": 0.7298965632298982, "lo": 0.0, "hi": 0.7298965632298982, "min": 0.0, "max": 1.0, "n": 154}, "xfactor_magnitude": {"q25": 10.26719871105764, "median": 16.42072899573386, "q75": 21.071151713025948, "lo": 10.26719871105764, "hi": 21.071151713025948, "min": 3.5016409628833682, "max": 65.52300715290848, "n": 154}, "xfactor_release": {"q25": -6.6995329694397014, "median": 1.411593435079412, "q75": 9.713773400018436, "lo": -6.6995329694397014, "hi": 9.713773400018436, "min": -36.4845691979313, "max": 57.940693107949755, "n": 154}}, "reference": {"stroke": "Novak_Djokovic_Forehand_Slow_Motion__stroke_027", "hand": "R", "contact_frame": 130, "contact_local": 25, "contact_pose_img": [[0.51368, 0.14708], [0.51308, 0.13244], [0.51392, 0.1327], [0.5153, 0.13263], [0.50845, 0.13222], [0.5071, 0.13219], [0.50318, 0.13299], [0.51146, 0.14301], [0.49502, 0.1472], [0.51568, 0.1634], [0.51107, 0.16436], [0.52429, 0.22157], [0.48621, 0.24442], [0.53794, 0.29641], [0.47997, 0.37068], [0.55181, 0.32728], [0.4815, 0.486], [0.5572, 0.34274], [0.47471, 0.51069], [0.55778, 0.33883], [0.47817, 0.50948], [0.55587, 0.33607], [0.48083, 0.50041], [0.54661, 0.47748], [0.51915, 0.48383], [0.60344, 0.64458], [0.49351, 0.66437], [0.63357, 0.81923], [0.45021, 0.85198], [0.61928, 0.84458], [0.44165, 0.87053], [0.66098, 0.88402], [0.45482, 0.91043]], "ideal_curve": {"t": [-1.0, -0.96, -0.92, -0.88, -0.84, -0.8, -0.76, -0.72, -0.68, -0.64, -0.6, -0.56, -0.52, -0.48, -0.44, -0.4, -0.36, -0.32, -0.28, -0.24, -0.2, -0.16, -0.12, -0.08, -0.04, 0.0, 0.04, 0.08, 0.12, 0.16, 0.2, 0.24, 0.28, 0.32, 0.36, 0.4, 0.44, 0.48, 0.52, 0.56, 0.6, 0.64, 0.68, 0.72], "xfactor": [-7.15, -7.15, -7.22, -7.29, -6.89, -6.44, -6.04, -5.63, -4.73, -4.5, -4.32, -3.78, -3.25, -2.95, -2.72, -2.32, -1.65, -1.53, -1.62, -0.89, 2.11, 5.63, 8.76, 12.48, 15.86, 17.23, 17.47, 18.35, 18.27, 18.13, 17.39, 16.95, 17.13, 17.75, 18.38, 19.26, 19.86, 19.97, 20.0, 19.88, 19.67, 19.3, 19.04, 18.72], "hip": [0.049, 0.036, 0.028, 0.027, 0.03, 0.032, 0.034, 0.033, 0.033, 0.036, 0.039, 0.039, 0.035, 0.04, 0.053, 0.065, 0.084, 0.152, 0.25, 0.366, 0.522, 0.699, 0.836, 0.942, 1.0, 0.972, 0.891, 0.754, 0.56, 0.376, 0.25, 0.152, 0.106, 0.104, 0.109, 0.112, 0.115, 0.118, 0.124, 0.122, 0.104, 0.084, 0.061, 0.037], "shoulder": [0.024, 0.022, 0.023, 0.02, 0.019, 0.024, 0.032, 0.027, 0.026, 0.027, 0.019, 0.012, 0.018, 0.035, 0.057, 0.071, 0.095, 0.183, 0.318, 0.47, 0.662, 0.867, 0.979, 1.0, 0.979, 0.889, 0.746, 0.581, 0.407, 0.256, 0.163, 0.108, 0.102, 0.131, 0.146, 0.14, 0.128, 0.108, 0.089, 0.072, 0.051, 0.039, 0.039, 0.048], "upper_arm": [0.581, 0.675, 0.7, 0.712, 0.511, 0.474, 0.435, 0.6, 0.648, 0.708, 0.84, 1.0, 0.94, 0.954, 0.875, 0.65, 0.493, 0.496, 0.413, 0.577, 0.694, 0.689, 0.691, 0.645, 0.537, 0.52, 0.501, 0.444, 0.51, 0.486, 0.552, 0.776, 0.84, 0.789, 0.738, 0.638, 0.471, 0.422, 0.467, 0.516, 0.602, 0.557, 0.639, 0.748], "forearm": [0.67, 0.829, 0.879, 0.825, 0.627, 0.614, 0.567, 0.636, 0.493, 0.554, 0.638, 0.574, 0.475, 0.59, 0.433, 0.413, 0.396, 0.544, 0.503, 0.579, 0.519, 0.47, 0.433, 0.541, 0.657, 0.743, 0.852, 0.8, 0.686, 0.608, 0.585, 0.777, 0.869, 0.949, 0.979, 1.0, 0.732, 0.663, 0.596, 0.486, 0.527, 0.586, 0.435, 0.398], "wrist": [0.705, 0.842, 0.879, 0.863, 0.641, 0.624, 0.565, 0.727, 0.661, 0.742, 0.854, 0.923, 0.842, 0.853, 0.715, 0.587, 0.477, 0.544, 0.533, 0.779, 0.857, 0.838, 0.844, 0.914, 0.828, 0.893, 1.0, 0.9, 0.848, 0.765, 0.717, 0.863, 0.953, 0.966, 0.975, 0.941, 0.715, 0.634, 0.585, 0.514, 0.595, 0.61, 0.589, 0.677]}, "metrics": {"hip_to_forearm_lag": 0.4, "xfactor_magnitude": 17.2312, "xfactor_release": 17.2312}}}