{"player": "Novak Djokovic", "stroke": "forehand", "n_strokes": 208, "metrics_band": {"seq_lead": {"q25": -0.16275, "median": 0.0335, "q75": 0.188, "lo": -0.16275, "hi": 0.188, "min": -139.0, "max": 92.0, "n": 208}, "xfactor_magnitude": {"q25": 10.212638027570001, "median": 15.297898703123924, "q75": 22.42806239904609, "lo": 10.212638027570001, "hi": 22.42806239904609, "min": 1.2709496021416715, "max": 57.940693107949755, "n": 208}, "contact_forward": {"q25": 0.24575, "median": 0.449, "q75": 0.65, "lo": 0.24575, "hi": 0.65, "min": 0.017, "max": 1.172, "n": 208}, "contact_height": {"q25": 0.442, "median": 0.714, "q75": 0.9622499999999999, "lo": 0.442, "hi": 0.9622499999999999, "min": -0.2, "max": 1.888, "n": 208}}, "reference": {"stroke": "Novak_Djokovic_Forehand_Slow_Motion__stroke_027", "hand": "R", "contact_frame": 144, "contact_local": 57, "contact_pose_img": [[0.53191, 0.13123], [0.5274, 0.11569], [0.52667, 0.11553], [0.52568, 0.11427], [0.52591, 0.11564], [0.52351, 0.11429], [0.52217, 0.11392], [0.51669, 0.12121], [0.51119, 0.1193], [0.52773, 0.14387], [0.52635, 0.14345], [0.50432, 0.20997], [0.4985, 0.20089], [0.53114, 0.31431], [0.54745, 0.30477], [0.57553, 0.3038], [0.60504, 0.28244], [0.58692, 0.30129], [0.61465, 0.28832], [0.5908, 0.29648], [0.61363, 0.27609], [0.58632, 0.29766], [0.60722, 0.27558], [0.53671, 0.46412], [0.52179, 0.46573], [0.60025, 0.61181], [0.50787, 0.65876], [0.60627, 0.80143], [0.44881, 0.83678], [0.59725, 0.83473], [0.43542, 0.85363], [0.6507, 0.85513], [0.46752, 0.91238]], "contact_pose_world": [[0.07483, -0.60348, -0.00474], [0.05594, -0.6435, 0.00225], [0.05557, -0.64344, 0.00067], [0.05594, -0.64387, 0.0028], [0.05284, -0.6378, -0.03594], [0.0549, -0.63902, -0.03607], [0.05466, -0.63795, -0.03219], [-0.05013, -0.65604, 0.06404], [-0.05467, -0.63185, -0.09724], [0.03053, -0.58632, 0.01527], [0.0299, -0.57788, -0.02918], [-0.07307, -0.4894, 0.17094], [-0.08225, -0.47389, -0.20299], [0.03201, -0.33655, 0.25216], [0.09112, -0.32457, -0.23808], [0.19638, -0.31395, 0.23945], [0.27087, -0.32483, -0.13609], [0.22679, -0.31748, 0.24978], [0.30059, -0.33041, -0.1558], [0.23968, -0.33374, 0.21314], [0.30056, -0.35322, -0.14429], [0.20621, -0.32053, 0.22366], [0.27856, -0.33266, -0.12749], [0.03689, -0.00262, 0.09864], [-0.03772, 0.00212, -0.09824], [0.26999, 0.23873, 0.11296], [-0.07723, 0.34957, -0.15601], [0.27833, 0.67968, 0.14266], [-0.26147, 0.68088, -0.09492], [0.28693, 0.73217, 0.13689], [-0.28085, 0.71841, -0.09368], [0.4127, 0.76099, 0.07303], [-0.25689, 0.79855, -0.17114]], "ideal_curve": {"t": [-2.28, -2.24, -2.2, -2.16, -2.12, -2.08, -2.04, -2.0, -1.96, -1.92, -1.88, -1.84, -1.8, -1.76, -1.72, -1.68, -1.64, -1.6, -1.56, -1.52, -1.48, -1.44, -1.4, -1.36, -1.32, -1.28, -1.24, -1.2, -1.16, -1.12, -1.08, -1.04, -1.0, -0.96, -0.92, -0.88, -0.84, -0.8, -0.76, -0.72, -0.68, -0.64, -0.6, -0.56, -0.52, -0.48, -0.44, -0.4, -0.36, -0.32, -0.28, -0.24, -0.2, -0.16, -0.12, -0.08, -0.04, 0.0, 0.04, 0.08, 0.12, 0.16, 0.2, 0.24, 0.28, 0.32, 0.36, 0.4, 0.44, 0.48, 0.52, 0.56, 0.6, 0.64, 0.68, 0.72, 0.76, 0.8, 0.84, 0.88, 0.92, 0.96, 1.0], "loading_s": 1.64, "xfactor": [-15.38, -14.42, -13.54, -12.35, -11.86, -11.31, -11.03, -10.44, -10.4, -11.04, -11.61, -11.32, -11.01, -9.98, -8.89, -8.02, -7.52, -7.05, -7.15, -7.15, -7.22, -7.29, -6.89, -6.44, -6.04, -5.63, -4.73, -4.5, -4.32, -3.78, -3.25, -2.95, -2.72, -2.32, -1.65, -1.53, -1.62, -0.89, 2.11, 5.63, 8.76, 12.48, 15.86, 17.23, 17.47, 18.35, 18.27, 18.13, 17.39, 16.95, 17.13, 17.75, 18.38, 19.26, 19.86, 19.97, 20.0, 19.88, 19.67, 19.3, 19.04, 18.72, 17.98, 17.06, 16.19, 15.61, 15.0, 16.82, 18.21, 19.28, 19.88, 20.35, 18.61, 17.42, 17.07, 16.87, 16.08, 15.08, 14.0, 11.98, 10.72, 10.3, 10.0], "hip": [0.205, 0.224, 0.211, 0.189, 0.167, 0.135, 0.094, 0.077, 0.068, 0.063, 0.071, 0.095, 0.105, 0.108, 0.107, 0.096, 0.08, 0.064, 0.049, 0.036, 0.028, 0.027, 0.03, 0.032, 0.034, 0.033, 0.033, 0.036, 0.039, 0.039, 0.035, 0.04, 0.053, 0.065, 0.084, 0.152, 0.25, 0.366, 0.522, 0.699, 0.836, 0.942, 1.0, 0.972, 0.891, 0.754, 0.56, 0.376, 0.25, 0.152, 0.106, 0.104, 0.109, 0.112, 0.115, 0.118, 0.124, 0.122, 0.104, 0.084, 0.061, 0.037, 0.026, 0.031, 0.065, 0.129, 0.198, 0.272, 0.343, 0.377, 0.381, 0.391, 0.379, 0.345, 0.279, 0.253, 0.262, 0.302, 0.349, 0.423, 0.428, 0.356, 0.248], "shoulder": [0.291, 0.3, 0.261, 0.224, 0.197, 0.157, 0.114, 0.104, 0.091, 0.071, 0.054, 0.053, 0.039, 0.025, 0.019, 0.022, 0.023, 0.02, 0.024, 0.022, 0.023, 0.02, 0.019, 0.024, 0.032, 0.027, 0.026, 0.027, 0.019, 0.012, 0.018, 0.035, 0.057, 0.071, 0.095, 0.183, 0.318, 0.47, 0.662, 0.867, 0.979, 1.0, 0.979, 0.889, 0.746, 0.581, 0.407, 0.256, 0.163, 0.108, 0.102, 0.131, 0.146, 0.14, 0.128, 0.108, 0.089, 0.072, 0.051, 0.039, 0.039, 0.048, 0.056, 0.06, 0.097, 0.168, 0.226, 0.292, 0.362, 0.359, 0.291, 0.252, 0.218, 0.17, 0.141, 0.18, 0.24, 0.313, 0.378, 0.435, 0.42, 0.329, 0.218], "upper_arm": [0.936, 0.917, 0.876, 0.914, 1.0, 0.733, 0.793, 0.652, 0.564, 0.604, 0.594, 0.615, 0.644, 0.751, 0.622, 0.614, 0.443, 0.516, 0.49, 0.57, 0.591, 0.6, 0.432, 0.4, 0.367, 0.506, 0.547, 0.597, 0.709, 0.844, 0.793, 0.805, 0.738, 0.548, 0.416, 0.418, 0.348, 0.486, 0.585, 0.581, 0.583, 0.544, 0.453, 0.439, 0.423, 0.374, 0.43, 0.41, 0.466, 0.655, 0.708, 0.665, 0.623, 0.538, 0.398, 0.356, 0.394, 0.435, 0.508, 0.47, 0.539, 0.631, 0.616, 0.606, 0.68, 0.584, 0.482, 0.51, 0.388, 0.276, 0.252, 0.25, 0.247, 0.378, 0.488, 0.484, 0.551, 0.569, 0.535, 0.401, 0.423, 0.392, 0.325], "forearm": [0.886, 0.785, 0.799, 0.919, 1.0, 0.866, 0.932, 0.789, 0.625, 0.622, 0.472, 0.538, 0.526, 0.583, 0.482, 0.51, 0.436, 0.559, 0.494, 0.611, 0.648, 0.608, 0.462, 0.452, 0.417, 0.468, 0.363, 0.408, 0.47, 0.423, 0.35, 0.435, 0.319, 0.304, 0.292, 0.401, 0.371, 0.426, 0.382, 0.346, 0.319, 0.399, 0.484, 0.547, 0.628, 0.59, 0.505, 0.448, 0.431, 0.572, 0.641, 0.699, 0.721, 0.737, 0.54, 0.489, 0.439, 0.358, 0.388, 0.432, 0.32, 0.293, 0.323, 0.225, 0.153, 0.169, 0.222, 0.245, 0.236, 0.277, 0.315, 0.288, 0.22, 0.222, 0.223, 0.191, 0.172, 0.232, 0.241, 0.228, 0.24, 0.264, 0.217], "wrist": [0.968, 0.87, 0.823, 0.937, 1.0, 0.821, 0.901, 0.773, 0.651, 0.71, 0.654, 0.746, 0.716, 0.743, 0.612, 0.582, 0.43, 0.561, 0.529, 0.632, 0.66, 0.648, 0.481, 0.469, 0.424, 0.546, 0.496, 0.557, 0.641, 0.692, 0.632, 0.64, 0.537, 0.441, 0.358, 0.408, 0.4, 0.584, 0.643, 0.629, 0.633, 0.686, 0.622, 0.67, 0.75, 0.675, 0.636, 0.574, 0.538, 0.648, 0.715, 0.725, 0.732, 0.706, 0.537, 0.476, 0.439, 0.386, 0.447, 0.458, 0.442, 0.508, 0.543, 0.475, 0.459, 0.421, 0.41, 0.428, 0.383, 0.359, 0.365, 0.324, 0.291, 0.318, 0.369, 0.353, 0.384, 0.404, 0.454, 0.421, 0.447, 0.466, 0.443]}, "peak_times": {"hip": -0.558, "shoulder": -0.573, "upper_arm": -0.177, "forearm": -0.285, "wrist": -0.339}, "metrics": {"seq_lead": 0.182, "xfactor_magnitude": 20.0037, "contact_forward": 0.704, "contact_height": 0.576}}}