{"player": "Novak Djokovic", "stroke": "forehand", "n_strokes": 154, "metrics_band": {"hip_to_forearm_lag": {"q25": 0.0, "median": 0.20000000000000018, "q75": 0.7298965632298982, "lo": 0.0, "hi": 0.7298965632298982, "min": 0.0, "max": 1.0, "n": 154}, "xfactor_magnitude": {"q25": 10.26719871105764, "median": 16.42072899573386, "q75": 21.071151713025948, "lo": 10.26719871105764, "hi": 21.071151713025948, "min": 3.5016409628833682, "max": 65.52300715290848, "n": 154}, "xfactor_release": {"q25": -6.6995329694397014, "median": 1.411593435079412, "q75": 9.713773400018436, "lo": -6.6995329694397014, "hi": 9.713773400018436, "min": -36.4845691979313, "max": 57.940693107949755, "n": 154}}, "reference": {"stroke": "stroke_027", "hand": "R", "contact_frame": 46, "contact_local": 25, "contact_pose_img": [[0.50329, 0.4613], [0.50493, 0.45114], [0.50595, 0.45133], [0.50692, 0.45148], [0.50108, 0.45029], [0.49882, 0.44959], [0.49657, 0.44929], [0.50516, 0.45394], [0.4921, 0.45206], [0.50424, 0.46961], [0.49932, 0.46851], [0.50732, 0.5007], [0.47579, 0.49506], [0.5401, 0.50587], [0.47899, 0.54347], [0.56448, 0.48239], [0.49945, 0.54784], [0.57238, 0.48124], [0.50527, 0.5479], [0.57281, 0.47672], [0.50581, 0.54152], [0.56944, 0.47872], [0.50569, 0.53872], [0.4745, 0.64362], [0.46655, 0.64332], [0.46321, 0.72908], [0.50588, 0.73461], [0.44019, 0.81994], [0.50966, 0.86309], [0.43395, 0.83265], [0.50391, 0.88175], [0.44834, 0.84963], [0.53593, 0.88638]], "ideal_curve": {"t": [-1.0, -0.96, -0.92, -0.88, -0.84, -0.8, -0.76, -0.72, -0.68, -0.64, -0.6, -0.56, -0.52, -0.48, -0.44, -0.4, -0.36, -0.32, -0.28, -0.24, -0.2, -0.16, -0.12, -0.08, -0.04, 0.0, 0.04, 0.08, 0.12, 0.16, 0.2, 0.24, 0.28, 0.32, 0.36, 0.4, 0.44, 0.48, 0.52, 0.56, 0.6, 0.64, 0.68, 0.72], "xfactor": [-6.47, -6.58, -6.49, -6.5, -6.61, -6.58, -6.52, -6.81, -6.83, -6.54, -6.4, -6.68, -6.84, -7.27, -7.52, -7.43, -7.67, -8.08, -8.43, -9.15, -10.24, -10.53, -10.61, -10.5, -9.99, -9.06, -8.19, -7.17, -5.94, -4.51, -3.3, -2.36, -1.74, -1.17, -1.14, -1.12, -1.05, -1.01, -1.23, -1.96, -2.48, -2.83, -3.13, -3.79], "hip": [0.086, 0.096, 0.089, 0.084, 0.075, 0.065, 0.055, 0.061, 0.101, 0.166, 0.24, 0.326, 0.383, 0.4, 0.407, 0.392, 0.38, 0.447, 0.56, 0.67, 0.773, 0.819, 0.743, 0.579, 0.43, 0.32, 0.278, 0.331, 0.463, 0.587, 0.725, 0.866, 0.952, 0.988, 1.0, 0.929, 0.764, 0.603, 0.47, 0.329, 0.197, 0.13, 0.087, 0.047], "shoulder": [0.107, 0.092, 0.076, 0.074, 0.073, 0.069, 0.056, 0.053, 0.09, 0.154, 0.228, 0.33, 0.396, 0.413, 0.424, 0.415, 0.414, 0.518, 0.651, 0.742, 0.815, 0.812, 0.659, 0.497, 0.403, 0.363, 0.411, 0.564, 0.717, 0.82, 0.917, 0.99, 1.0, 0.979, 0.952, 0.853, 0.664, 0.485, 0.341, 0.194, 0.102, 0.087, 0.083, 0.068], "upper_arm": [0.204, 0.268, 0.313, 0.31, 0.298, 0.285, 0.177, 0.109, 0.128, 0.128, 0.162, 0.203, 0.413, 0.493, 0.617, 0.732, 1.0, 0.994, 0.935, 0.844, 0.772, 0.533, 0.434, 0.498, 0.466, 0.422, 0.394, 0.362, 0.251, 0.284, 0.277, 0.267, 0.301, 0.377, 0.322, 0.341, 0.309, 0.249, 0.2, 0.27, 0.244, 0.273, 0.288, 0.272], "forearm": [0.238, 0.352, 0.464, 0.413, 0.389, 0.373, 0.252, 0.12, 0.122, 0.116, 0.111, 0.147, 0.381, 0.515, 0.639, 0.731, 1.0, 0.942, 0.805, 0.71, 0.664, 0.425, 0.315, 0.444, 0.486, 0.504, 0.529, 0.537, 0.464, 0.38, 0.3, 0.205, 0.184, 0.126, 0.117, 0.126, 0.169, 0.187, 0.231, 0.308, 0.31, 0.338, 0.335, 0.287], "wrist": [0.281, 0.438, 0.564, 0.513, 0.462, 0.458, 0.296, 0.154, 0.164, 0.187, 0.19, 0.222, 0.427, 0.526, 0.607, 0.729, 1.0, 0.973, 0.882, 0.829, 0.747, 0.495, 0.383, 0.465, 0.455, 0.452, 0.431, 0.414, 0.307, 0.287, 0.266, 0.228, 0.196, 0.222, 0.203, 0.196, 0.213, 0.254, 0.259, 0.305, 0.291, 0.317, 0.326, 0.293]}, "metrics": {"hip_to_forearm_lag": 0.0, "xfactor_magnitude": 10.6079, "xfactor_release": -9.0648}}}